duration,joint_1,joint_2,joint_3
1.0,2.8215644,30.738838,57.71508
0.1,2.821564,30.738852,57.71513
0.1,2.8215635,30.73886,57.71513
0.1,2.8215652,30.738848,57.715137
