duration,joint_1,joint_2,joint_3,joint_4
0.1,-18.91199,63.954437,27.979069,18.262264
0.1,-18.91201,63.954357,27.979052,18.26225
0.1,-18.912014,63.95437,27.979057,18.262249
0.1,-18.912014,63.95437,27.97905,18.26225
