duration,joint_1,joint_2,joint_3,joint_4
0.1,-1.5155033,36.62204,58.969772,44.528698
0.1,-1.515503,36.62205,58.969822,44.528675
0.1,-1.515503,36.62206,58.969822,44.528694
0.1,-1.515503,36.622055,58.96983,44.528687
