duration,joint_1,joint_2,joint_3,joint_4
0.1,4.703277,13.914283,60.991016,45.873394
0.1,4.70328,13.914292,60.99103,45.873356
0.1,4.7032795,13.914293,60.991024,45.87336
0.1,4.70328,13.914293,60.99103,45.87337
