duration,joint_1,joint_2,joint_3
1.0,-18.91199,63.954437,27.979069
0.1,-18.91201,63.954357,27.979052
0.1,-18.912014,63.95437,27.979057
0.1,-18.912014,63.95437,27.97905
