duration,joint_1,joint_2,joint_3,joint_4
0.1,18.920362,49.956562,28.002424,18.2851
0.1,18.92037,49.956543,28.0024,18.285116
0.1,18.920364,49.95654,28.002392,18.28511
0.1,18.920366,49.956543,28.002415,18.285112
