duration,joint_1,joint_2,joint_3
1.0,4.703277,13.914283,60.991016
0.1,4.70328,13.914292,60.99103
0.1,4.7032795,13.914293,60.991024
0.1,4.70328,13.914293,60.99103
