duration,joint_1,joint_2,joint_3,joint_4
0.1,2.763798,30.70245,57.67527,43.536236
0.1,2.7637975,30.702415,57.6752,43.53621
0.1,2.7637975,30.702412,57.675213,43.53622
0.1,2.7637975,30.702415,57.675175,43.53621
