duration,joint_1,joint_2,joint_3
1.0,2.3347776,22.912737,62.408356
0.1,2.3347814,22.912746,62.40833
0.1,2.33478,22.912748,62.40833
0.1,2.3347812,22.91275,62.40833
