duration,joint_1,joint_2,joint_3,joint_4
0.1,4.8877683,13.944942,61.04811,45.874596
0.1,4.88776,13.944948,61.048035,45.87463
0.1,4.8877587,13.944949,61.048065,45.87461
0.1,4.887762,13.944948,61.04807,45.87463
