duration,joint_1,joint_2,joint_3,joint_4
0.1,2.4550664,22.942677,62.445877,47.04805
0.1,2.4550629,22.942694,62.445786,47.048046
0.1,2.455063,22.942696,62.445812,47.048046
0.1,2.4550648,22.942694,62.445812,47.048042
