duration,joint_1,joint_2,joint_3
1.0,4.8877683,13.944942,61.04811
0.1,4.88776,13.944948,61.048035
0.1,4.8877587,13.944949,61.048065
0.1,4.887762,13.944948,61.04807
