duration,joint_1,joint_2,joint_3
1.0,2.763798,30.70245,57.67527
0.1,2.7637975,30.702415,57.6752
0.1,2.7637975,30.702412,57.675213
0.1,2.7637975,30.702415,57.675175
