duration,joint_1,joint_2,joint_3
1.0,-1.5155033,36.62204,58.969772
0.1,-1.515503,36.62205,58.969822
0.1,-1.515503,36.62206,58.969822
0.1,-1.515503,36.622055,58.96983
