duration,joint_1,joint_2
1.0,0.25913733,0.004162592
0.1,0.2591373,19.999998
0.1,0.25913733,-19.999998
0.1,0.25913727,19.999998
0.1,0.25913733,0.004162592
