duration,joint_1,joint_2,joint_3,joint_4
0.5,2.385394,22.798203,62.385292,47.083122
0.5,4.8890225e-08,89.99997,100.0,47.083103
1.0,4.8890225e-08,89.99997,100.0,47.083103
0.5,2.385394,22.798203,62.385292,47.083122
