duration,joint_1,joint_2,joint_3,joint_4
0.5,4.778983,13.794285,60.9048,45.93864
0.5,7.977953e-08,90.00002,99.99833,45.93868
1.0,7.977953e-08,90.00002,99.99833,45.93868
0.5,4.778983,13.794285,60.9048,45.93864
