duration,joint_1,joint_2,joint_3,joint_4
0.5,-1.499951,36.50075,58.98522,44.527245
0.5,-5.907773e-09,89.99999,99.99997,1.2082487e-12
1.0,-5.907773e-09,89.99999,99.99997,1.2082487e-12
0.5,-1.499951,36.50075,58.98522,44.527245
