duration,joint_1,joint_2,joint_3,joint_4
0.5,2.8051379,30.607979,57.68711,43.543777
0.5,2.8051407,89.99989,99.998314,43.543747
1.0,2.8051407,89.99989,99.998314,43.543747
0.5,2.8051379,30.607979,57.68711,43.543777
