duration,joint_1,joint_2,joint_3,joint_4
0.5,4.8207254,13.801475,60.91717,45.939262
0.5,4.820724,89.99989,99.998314,45.939228
1.0,4.820724,89.99989,99.998314,45.939228
0.5,4.8207254,13.801475,60.91717,45.939262
