duration,joint_1,joint_2,joint_3,joint_4
0.5,-1.5036265,36.5066,58.978497,44.52759
0.5,-1.5036279,89.999916,99.99991,44.527607
1.0,-1.5036279,89.999916,99.99991,44.527607
0.5,-1.5036265,36.5066,58.978497,44.52759
