duration,joint_1,joint_2,joint_3,joint_4
0.5,-18.978798,64.00099,27.611538,18.325247
0.5,-15.999986,34.999977,18.000004,-1.01737045e-08
1.0,-15.999986,34.999977,18.000004,-1.01737045e-08
0.5,-18.978798,64.00099,27.611538,18.325247
