duration,joint_1,joint_2,joint_3,joint_4
0.5,18.98153,49.996044,27.615856,18.323235
0.5,14.999977,34.999954,18.000002,18.323233
1.0,14.999977,34.999954,18.000002,18.323233
0.5,18.98153,49.996044,27.615856,18.323235
