duration,joint_1,joint_2,joint_3,joint_4
0.5,2.413042,22.80503,62.39372,47.08169
0.5,2.4130418,89.999886,99.998314,47.08169
1.0,2.4130418,89.999886,99.998314,47.08169
0.5,2.413042,22.80503,62.39372,47.08169
