duration,joint_1,joint_2
1.0,-0.0010285223,5.2610845e-05
0.2,10.0,5.2608975e-05
0.2,-0.0010284865,5.2608975e-05
0.2,10.0,5.2610845e-05
0.2,-0.0010284865,5.2608975e-05
1.0,-0.0010285223,5.2610845e-05
