duration,joint_1,joint_2,joint_3,joint_4
0.5,2.8051376,30.607979,57.68711,43.543774
0.1,2.8051348,30.607967,57.68718,43.543777
0.1,2.805133,30.607996,57.68724,43.543785
0.1,2.8051417,30.607975,57.687134,43.54377
0.1,2.805133,30.607996,57.687237,43.543785

