duration,joint_1,joint_2,joint_3,joint_4
0.5,-1.5036266,36.5066,58.978497,44.52759
0.1,-1.5036271,36.506615,58.97855,44.527607
0.1,-1.5036277,36.506645,58.978573,44.527607
0.1,-1.5036271,36.50661,58.978474,44.52761
0.1,-1.5036277,36.506645,58.978573,44.527607

