duration,joint_1,joint_2,joint_3,joint_4
0.5,18.98153,49.996044,27.615856,18.323233
0.1,18.98155,49.996048,27.61583,18.323236
0.1,18.981554,49.99602,27.615808,18.323244
0.1,18.981516,49.996048,27.615889,18.323235
0.1,18.981554,49.99602,27.615807,18.323244

