duration,joint_1,joint_2,joint_3,joint_4
0.5,2.7925253,30.599628,57.67835,43.543457
0.1,2.7925267,30.599619,57.678356,43.54346
0.1,2.792526,30.599602,57.678402,43.543488
0.1,2.7925262,30.599625,57.678356,43.543457
0.1,2.792526,30.599602,57.678402,43.543488

