duration,joint_1,joint_2,joint_3,joint_4
0.5,4.778983,13.794285,60.9048,45.93864
0.1,4.778987,13.794286,60.904785,45.93868
0.1,4.778988,13.79429,60.904747,45.938675
0.1,4.7789874,13.794286,60.904793,45.938656
0.1,4.778988,13.79429,60.904747,45.938675

