duration,joint_1,joint_2,joint_3,joint_4
0.5,4.820726,13.801476,60.917164,45.93926
0.1,4.8207145,13.80148,60.91717,45.939297
0.1,4.82071,13.801481,60.917137,45.939312
0.1,4.8207293,13.801471,60.91721,45.939236
0.1,4.82071,13.801481,60.917137,45.939312

