duration,joint_1,joint_2,joint_3,joint_4
0.5,2.4130418,22.80503,62.39372,47.08169
0.1,2.4130373,22.80502,62.39377,47.081738
0.1,2.4130347,22.805017,62.393715,47.081764
0.1,2.4130454,22.80502,62.39377,47.081703
0.1,2.4130347,22.805017,62.393715,47.081764

