duration,joint_1,joint_2,joint_3,joint_4
0.5,4.8074627,13.782792,60.889915,45.96783
3.5,4.8074613,13.78281,60.889904,45.967854

