duration,joint_1,joint_2,joint_3,joint_4
2.0,2.809626,30.576097,57.698574,43.544346
3.5,2.809624,30.576113,57.69861,43.544365