duration,joint_1,joint_2,joint_3,joint_4
1.0,18.998114,50.01605,27.477743,18.355673
3.5,18.99812,50.01602,27.477734,18.355679
