duration,joint_1,joint_2,joint_3,joint_4
2.0,-1.4873744,36.473103,59.001915,44.522297
3.5,-1.4873741,36.473118,59.00199,44.522266
