duration,joint_1,joint_2,joint_3,joint_4
2.0,2.408686,22.778894,62.392197,47.09717
3.5,2.408685,22.778927,62.392155,47.097145
